cluster,PANCK,avg(ASMA+VIMENTIN+PODOPLANIN)
0,9.403679288568123,4.042960350779139
1,14.61165790723682,3.7283851426208363
