cluster,PANCK,avg(ASMA+VIMENTIN+PODOPLANIN)
0,9.726371730733335,3.9605693566739077
1,14.592521664186009,3.7970044540142665
