cluster,PANCK,avg(ASMA+VIMENTIN+PODOPLANIN)
0,6.521724777370482,4.726367361644978
1,20.957537993779912,2.816721873193171
