cluster,PANCK,avg(ASMA+VIMENTIN+PODOPLANIN)
0,6.498612673679922,4.760767929408249
1,20.767232132414165,2.7147712073221206
